_id,address.city,address.houseNumber,address.locationId,address.state,address.streetName,address.streetNumber,avg_rating,closingHours,menuitem,openingHours,restaurantName
1,Bangkok,496,1,Saskatchewan,1864 Rutrum. Street,73432-706,4.5,23:08:04,"[{""menuId"":2,""itemName"":""Pork Soup"",""price"":240,""category"":""Chinese"",""ingredients"":""Vegetables"",""image"":null,""availability"":""N"",""avg_rating"":2},{""menuId"":23,""itemName"":""Pork Soup"",""price"":744,""category"":""Chinese"",""ingredients"":""Corn"",""image"":null,""availability"":""N"",""avg_rating"":null},{""menuId"":61,""itemName"":""Fried Chicken"",""price"":122,""category"":""Chinese"",""ingredients"":""Corn"",""image"":null,""availability"":""N"",""avg_rating"":null},{""menuId"":232,""itemName"":""Raita"",""price"":466,""category"":""Indian"",""ingredients"":""Dairy"",""image"":null,""availability"":""Y"",""avg_rating"":null},{""menuId"":255,""itemName"":""Aloo Dum"",""price"":478,""category"":""Indian"",""ingredients"":""Dairy"",""image"":null,""availability"":""N"",""avg_rating"":null},{""menuId"":270,""itemName"":""Mutton Biryani"",""price"":575,""category"":""Indian"",""ingredients"":""Flour"",""image"":null,""availability"":""N"",""avg_rating"":null},{""menuId"":331,""itemName"":""Mexicana Nachos"",""price"":256,""category"":""Mexican"",""ingredients"":""Flour"",""image"":null,""availability"":""N"",""avg_rating"":null},{""menuId"":368,""itemName"":""Pizza Mexicana"",""price"":169,""category"":""Mexican"",""ingredients"":""Corn"",""image"":null,""availability"":""N"",""avg_rating"":null},{""menuId"":410,""itemName"":""Black Forest Pastry"",""price"":429,""category"":""Desserts"",""ingredients"":""Dairy"",""image"":null,""availability"":""Y"",""avg_rating"":null},{""menuId"":413,""itemName"":""Chocolate Brownie"",""price"":987,""category"":""Desserts"",""ingredients"":""Dairy"",""image"":null,""availability"":""N"",""avg_rating"":null},{""menuId"":463,""itemName"":""Ice Fudge"",""price"":91,""category"":""Desserts"",""ingredients"":""Wheat"",""image"":null,""availability"":""N"",""avg_rating"":null},{""menuId"":469,""itemName"":""Brown Muffin"",""price"":178,""category"":""Desserts"",""ingredients"":""Wheat"",""image"":null,""availability"":""Y"",""avg_rating"":null}]",13:45:44,Googlicious
2,Bangkok,25,2,ID,Ap #577-6312 Eu Rd.,V3A 8Z6,1.6666699647903442,03:16:23,"[{""menuId"":28,""itemName"":""Chicken Noodles"",""price"":277,""category"":""Chinese"",""ingredients"":""Corn"",""image"":null,""availability"":""N"",""avg_rating"":null},{""menuId"":42,""itemName"":""Veg Fried Rice"",""price"":226,""category"":""Chinese"",""ingredients"":""Meat"",""image"":null,""availability"":""Y"",""avg_rating"":2},{""menuId"":80,""itemName"":""Schezwan Chicken"",""price"":692,""category"":""Chinese"",""ingredients"":""Flour"",""image"":null,""availability"":""Y"",""avg_rating"":null},{""menuId"":81,""itemName"":""Fried Chicken"",""price"":448,""category"":""Chinese"",""ingredients"":""Flour"",""image"":null,""availability"":""N"",""avg_rating"":0},{""menuId"":92,""itemName"":""Mushroom Soy Mix"",""price"":167,""category"":""Chinese"",""ingredients"":""Wheat"",""image"":null,""availability"":""N"",""avg_rating"":3.5},{""menuId"":226,""itemName"":""Chicken Tandoori"",""price"":456,""category"":""Indian"",""ingredients"":""Corn"",""image"":null,""availability"":""Y"",""avg_rating"":null},{""menuId"":229,""itemName"":""Chicken Lolipop"",""price"":362,""category"":""Indian"",""ingredients"":""Meat"",""image"":null,""availability"":""Y"",""avg_rating"":null},{""menuId"":268,""itemName"":""Veg Kofta"",""price"":835,""category"":""Indian"",""ingredients"":""Corn"",""image"":null,""availability"":""N"",""avg_rating"":null},{""menuId"":280,""itemName"":""Plain Rice"",""price"":909,""category"":""Indian"",""ingredients"":""Spice"",""image"":null,""availability"":""N"",""avg_rating"":null},{""menuId"":286,""itemName"":""Chicken Lolipop"",""price"":905,""category"":""Indian"",""ingredients"":""Fish"",""image"":null,""availability"":""Y"",""avg_rating"":null},{""menuId"":312,""itemName"":""Nachos w Salsa"",""price"":389,""category"":""Mexican"",""ingredients"":""Vegan"",""image"":null,""availability"":""Y"",""avg_rating"":null},{""menuId"":350,""itemName"":""Tortillas w Meat Sauce"",""price"":609,""category"":""Mexican"",""ingredients"":""Tomato"",""image"":null,""availability"":""Y"",""avg_rating"":null},{""menuId"":358,""itemName"":""Nachos w Salsa"",""price"":773,""category"":""Mexican"",""ingredients"":""Corn"",""image"":null,""availability"":""Y"",""avg_rating"":null},{""menuId"":360,""itemName"":""Tortillas w Meat Sauce"",""price"":149,""category"":""Mexican"",""ingredients"":""Flour"",""image"":null,""availability"":""Y"",""avg_rating"":null},{""menuId"":396,""itemName"":""Salads w Yogurt"",""price"":590,""category"":""Mexican"",""ingredients"":""Flour"",""image"":null,""availability"":""Y"",""avg_rating"":null},{""menuId"":422,""itemName"":""Cashew Milk Shake"",""price"":258,""category"":""Desserts"",""ingredients"":""Wheat"",""image"":null,""availability"":""N"",""avg_rating"":null},{""menuId"":426,""itemName"":""Black Forest Pastry"",""price"":536,""category"":""Desserts"",""ingredients"":""Dairy"",""image"":null,""availability"":""N"",""avg_rating"":null},{""menuId"":443,""itemName"":""Cashew Milk Shake"",""price"":741,""category"":""Desserts"",""ingredients"":""Flour"",""image"":null,""availability"":""Y"",""avg_rating"":null},{""menuId"":467,""itemName"":""Coffee Cream Cake"",""price"":255,""category"":""Desserts"",""ingredients"":""Flour"",""image"":null,""availability"":""Y"",""avg_rating"":null},{""menuId"":472,""itemName"":""Coffee Cream Cake"",""price"":211,""category"":""Desserts"",""ingredients"":""Flour"",""image"":null,""availability"":""N"",""avg_rating"":null}]",13:26:18,Macros
3,Bangkok,278,3,TAS,"P.O. Box 930, 2053 Tellus Av.",495998,2.75,05:11:02,"[{""menuId"":31,""itemName"":""Hot n Spicy Ramen"",""price"":356,""category"":""Chinese"",""ingredients"":""Flour"",""image"":null,""availability"":""Y"",""avg_rating"":null},{""menuId"":54,""itemName"":""Pork Soup"",""price"":272,""category"":""Chinese"",""ingredients"":""Fish"",""image"":null,""availability"":""Y"",""avg_rating"":1},{""menuId"":63,""itemName"":""Chowmein"",""price"":324,""category"":""Chinese"",""ingredients"":""Tomato"",""image"":null,""availability"":""Y"",""avg_rating"":null},{""menuId"":78,""itemName"":""Chowmein"",""price"":820,""category"":""Chinese"",""ingredients"":""Flour"",""image"":null,""availability"":""N"",""avg_rating"":2},{""menuId"":82,""itemName"":""Veg Manchurian"",""price"":193,""category"":""Chinese"",""ingredients"":""Meat"",""image"":null,""availability"":""Y"",""avg_rating"":3},{""menuId"":220,""itemName"":""Butter Naan"",""price"":247,""category"":""Indian"",""ingredients"":""Flour"",""image"":null,""availability"":""N"",""avg_rating"":null},{""menuId"":225,""itemName"":""Roti Bread"",""price"":743,""category"":""Indian"",""ingredients"":""Meat"",""image"":null,""availability"":""N"",""avg_rating"":null},{""menuId"":260,""itemName"":""Butter Garlic Naan"",""price"":935,""category"":""Indian"",""ingredients"":""Wheat"",""image"":null,""availability"":""N"",""avg_rating"":null},{""menuId"":261,""itemName"":""Butter Naan"",""price"":101,""category"":""Indian"",""ingredients"":""Vegetables"",""image"":null,""availability"":""Y"",""avg_rating"":null},{""menuId"":292,""itemName"":""Butter Garlic Naan"",""price"":942,""category"":""Indian"",""ingredients"":""Flour"",""image"":null,""availability"":""Y"",""avg_rating"":null},{""menuId"":306,""itemName"":""Pizza Mexicana"",""price"":815,""category"":""Mexican"",""ingredients"":""Dairy"",""image"":null,""availability"":""Y"",""avg_rating"":null},{""menuId"":309,""itemName"":""Spicy Durango"",""price"":978,""category"":""Mexican"",""ingredients"":""Meat"",""image"":null,""availability"":""N"",""avg_rating"":null},{""menuId"":324,""itemName"":""Fresh Salads"",""price"":471,""category"":""Mexican"",""ingredients"":""Tomato"",""image"":null,""availability"":""N"",""avg_rating"":null},{""menuId"":367,""itemName"":""Fresh Salads"",""price"":316,""category"":""Mexican"",""ingredients"":""Corn"",""image"":null,""availability"":""Y"",""avg_rating"":null},{""menuId"":416,""itemName"":""Choco Chip"",""price"":822,""category"":""Desserts"",""ingredients"":""Flour"",""image"":null,""availability"":""N"",""avg_rating"":null},{""menuId"":417,""itemName"":""Chocolate Brownie"",""price"":723,""category"":""Desserts"",""ingredients"":""Wheat"",""image"":null,""availability"":""N"",""avg_rating"":null}]",08:50:30,Cakewalk
4,Bangkok,546,4,Minas Gerais,922-595 Arcu. Rd.,71515,3,04:06:40,"[{""menuId"":7,""itemName"":""Veggie Delight"",""price"":939,""category"":""Chinese"",""ingredients"":""Spice"",""image"":null,""availability"":""Y"",""avg_rating"":1.6666699647903442},{""menuId"":9,""itemName"":""Schezwan Chicken"",""price"":675,""category"":""Chinese"",""ingredients"":""Vegan"",""image"":null,""availability"":""N"",""avg_rating"":2},{""menuId"":12,""itemName"":""Chicken Noodles"",""price"":480,""category"":""Chinese"",""ingredients"":""Corn"",""image"":null,""availability"":""N"",""avg_rating"":2.666670083999634},{""menuId"":41,""itemName"":""Fried Chicken"",""price"":186,""category"":""Chinese"",""ingredients"":""Fish"",""image"":null,""availability"":""N"",""avg_rating"":1},{""menuId"":46,""itemName"":""Chicken Noodles"",""price"":307,""category"":""Chinese"",""ingredients"":""Vegan"",""image"":null,""availability"":""N"",""avg_rating"":null},{""menuId"":47,""itemName"":""Chicken Manchurian"",""price"":765,""category"":""Chinese"",""ingredients"":""Wheat"",""image"":null,""availability"":""N"",""avg_rating"":null},{""menuId"":58,""itemName"":""Pork Soup"",""price"":568,""category"":""Chinese"",""ingredients"":""Dairy"",""image"":null,""availability"":""Y"",""avg_rating"":null},{""menuId"":86,""itemName"":""Chicken Noodles"",""price"":146,""category"":""Chinese"",""ingredients"":""Meat"",""image"":null,""availability"":""Y"",""avg_rating"":1},{""menuId"":93,""itemName"":""Schezwan Chicken"",""price"":486,""category"":""Chinese"",""ingredients"":""Vegetables"",""image"":null,""availability"":""Y"",""avg_rating"":3},{""menuId"":203,""itemName"":""Chicken Lolipop"",""price"":595,""category"":""Indian"",""ingredients"":""Spice"",""image"":null,""availability"":""Y"",""avg_rating"":null},{""menuId"":218,""itemName"":""Paneer Tikka"",""price"":226,""category"":""Indian"",""ingredients"":""Vegetables"",""image"":null,""availability"":""Y"",""avg_rating"":null},{""menuId"":236,""itemName"":""Veg Kofta"",""price"":331,""category"":""Indian"",""ingredients"":""Meat"",""image"":null,""availability"":""N"",""avg_rating"":null},{""menuId"":253,""itemName"":""Mutton Kebab"",""price"":620,""category"":""Indian"",""ingredients"":""Meat"",""image"":null,""availability"":""Y"",""avg_rating"":null},{""menuId"":271,""itemName"":""Chicken Lolipop"",""price"":213,""category"":""Indian"",""ingredients"":""Meat"",""image"":null,""availability"":""N"",""avg_rating"":null},{""menuId"":283,""itemName"":""Chicken Tandoori"",""price"":144,""category"":""Indian"",""ingredients"":""Corn"",""image"":null,""availability"":""Y"",""avg_rating"":null},{""menuId"":291,""itemName"":""Mutton Biryani"",""price"":789,""category"":""Indian"",""ingredients"":""Vegetables"",""image"":null,""availability"":""Y"",""avg_rating"":null},{""menuId"":297,""itemName"":""Butter Naan"",""price"":942,""category"":""Indian"",""ingredients"":""Dairy"",""image"":null,""availability"":""Y"",""avg_rating"":null},{""menuId"":305,""itemName"":""Spicy Durango"",""price"":85,""category"":""Mexican"",""ingredients"":""Vegan"",""image"":null,""availability"":""Y"",""avg_rating"":null},{""menuId"":319,""itemName"":""Pork Knuckle"",""price"":382,""category"":""Mexican"",""ingredients"":""Meat"",""image"":null,""availability"":""Y"",""avg_rating"":null},{""menuId"":321,""itemName"":""Nachos w Salsa"",""price"":930,""category"":""Mexican"",""ingredients"":""Corn"",""image"":null,""availability"":""Y"",""avg_rating"":null},{""menuId"":341,""itemName"":""Spicy Durango"",""price"":654,""category"":""Mexican"",""ingredients"":""Flour"",""image"":null,""availability"":""Y"",""avg_rating"":null},{""menuId"":346,""itemName"":""Veg Tacos"",""price"":316,""category"":""Mexican"",""ingredients"":""Vegetables"",""image"":null,""availability"":""Y"",""avg_rating"":null},{""menuId"":369,""itemName"":""Pizza Mexicana"",""price"":563,""category"":""Mexican"",""ingredients"":""Fish"",""image"":null,""availability"":""Y"",""avg_rating"":null},{""menuId"":391,""itemName"":""Beef Tacos"",""price"":501,""category"":""Mexican"",""ingredients"":""Vegan"",""image"":null,""availability"":""Y"",""avg_rating"":null},{""menuId"":442,""itemName"":""Ladoo"",""price"":834,""category"":""Desserts"",""ingredients"":""Wheat"",""image"":null,""availability"":""N"",""avg_rating"":null},{""menuId"":453,""itemName"":""Choco Bar"",""price"":157,""category"":""Desserts"",""ingredients"":""Wheat"",""image"":null,""availability"":""Y"",""avg_rating"":null},{""menuId"":487,""itemName"":""Choco Lava"",""price"":310,""category"":""Desserts"",""ingredients"":""Flour"",""image"":null,""availability"":""N"",""avg_rating"":null},{""menuId"":491,""itemName"":""Cashew Milk Shake"",""price"":161,""category"":""Desserts"",""ingredients"":""Flour"",""image"":null,""availability"":""N"",""avg_rating"":null}]",04:29:53,Sibelius
5,Bangkok,801,5,Yukon,"Ap #636-7151 Ut, Avenue",426059,3.200000047683716,22:15:01,"[{""menuId"":50,""itemName"":""Chicken Noodles"",""price"":446,""category"":""Chinese"",""ingredients"":""Vegetables"",""image"":null,""availability"":""N"",""avg_rating"":null},{""menuId"":73,""itemName"":""Veg Fried Rice"",""price"":514,""category"":""Chinese"",""ingredients"":""Tomato"",""image"":null,""availability"":""Y"",""avg_rating"":null},{""menuId"":74,""itemName"":""Chowmein"",""price"":510,""category"":""Chinese"",""ingredients"":""Vegan"",""image"":null,""availability"":""N"",""avg_rating"":null},{""menuId"":98,""itemName"":""Veggie Delight"",""price"":886,""category"":""Chinese"",""ingredients"":""Meat"",""image"":null,""availability"":""Y"",""avg_rating"":null},{""menuId"":224,""itemName"":""Chicken Lolipop"",""price"":503,""category"":""Indian"",""ingredients"":""Vegetables"",""image"":null,""availability"":""Y"",""avg_rating"":null},{""menuId"":257,""itemName"":""Butter Naan"",""price"":720,""category"":""Indian"",""ingredients"":""Vegetables"",""image"":null,""availability"":""N"",""avg_rating"":null},{""menuId"":266,""itemName"":""Mutton Biryani"",""price"":912,""category"":""Indian"",""ingredients"":""Vegetables"",""image"":null,""availability"":""Y"",""avg_rating"":null},{""menuId"":313,""itemName"":""Chicken Tortillas"",""price"":152,""category"":""Mexican"",""ingredients"":""Meat"",""image"":null,""availability"":""Y"",""avg_rating"":null},{""menuId"":325,""itemName"":""Chicken Tortillas"",""price"":396,""category"":""Mexican"",""ingredients"":""Flour"",""image"":null,""availability"":""Y"",""avg_rating"":null},{""menuId"":339,""itemName"":""Nachos w Salsa"",""price"":978,""category"":""Mexican"",""ingredients"":""Fish"",""image"":null,""availability"":""Y"",""avg_rating"":null},{""menuId"":340,""itemName"":""Chicken Tacos"",""price"":884,""category"":""Mexican"",""ingredients"":""Dairy"",""image"":null,""availability"":""Y"",""avg_rating"":null},{""menuId"":359,""itemName"":""Veg Tacos"",""price"":194,""category"":""Mexican"",""ingredients"":""Fish"",""image"":null,""availability"":""Y"",""avg_rating"":null},{""menuId"":390,""itemName"":""Tortillas w Meat Sauce"",""price"":950,""category"":""Mexican"",""ingredients"":""Vegetables"",""image"":null,""availability"":""N"",""avg_rating"":null},{""menuId"":400,""itemName"":""Spicy Durango"",""price"":127,""category"":""Mexican"",""ingredients"":""Flour"",""image"":null,""availability"":""N"",""avg_rating"":null},{""menuId"":409,""itemName"":""Choco Lava"",""price"":466,""category"":""Desserts"",""ingredients"":""Flour"",""image"":null,""availability"":""N"",""avg_rating"":null},{""menuId"":411,""itemName"":""Chocolate Brownie"",""price"":711,""category"":""Desserts"",""ingredients"":""Dairy"",""image"":null,""availability"":""Y"",""avg_rating"":null},{""menuId"":475,""itemName"":""Ladoo"",""price"":411,""category"":""Desserts"",""ingredients"":""Dairy"",""image"":null,""availability"":""Y"",""avg_rating"":null},{""menuId"":499,""itemName"":""Choco Chip"",""price"":253,""category"":""Desserts"",""ingredients"":""Dairy"",""image"":null,""availability"":""N"",""avg_rating"":null}]",09:18:00,Altavista
6,Bangkok,141,6,Gelderland,"P.O. Box 873, 291 Enim Road",60315,3,11:27:27,"[{""menuId"":3,""itemName"":""Schezwan Chicken"",""price"":580,""category"":""Chinese"",""ingredients"":""Flour"",""image"":null,""availability"":""Y"",""avg_rating"":4},{""menuId"":68,""itemName"":""Meat Platter"",""price"":745,""category"":""Chinese"",""ingredients"":""Fish"",""image"":null,""availability"":""N"",""avg_rating"":3.5},{""menuId"":77,""itemName"":""Mix Manchurian"",""price"":325,""category"":""Chinese"",""ingredients"":""Wheat"",""image"":null,""availability"":""N"",""avg_rating"":2},{""menuId"":210,""itemName"":""Chicken Biryani"",""price"":321,""category"":""Indian"",""ingredients"":""Vegetables"",""image"":null,""availability"":""Y"",""avg_rating"":null},{""menuId"":223,""itemName"":""Veg Thali Set"",""price"":719,""category"":""Indian"",""ingredients"":""Spice"",""image"":null,""availability"":""Y"",""avg_rating"":null},{""menuId"":242,""itemName"":""Matka Mutton"",""price"":931,""category"":""Indian"",""ingredients"":""Tomato"",""image"":null,""availability"":""N"",""avg_rating"":null},{""menuId"":249,""itemName"":""Raita"",""price"":257,""category"":""Indian"",""ingredients"":""Wheat"",""image"":null,""availability"":""N"",""avg_rating"":null},{""menuId"":262,""itemName"":""Aloo Dum"",""price"":413,""category"":""Indian"",""ingredients"":""Spice"",""image"":null,""availability"":""Y"",""avg_rating"":null},{""menuId"":269,""itemName"":""Butter Naan"",""price"":977,""category"":""Indian"",""ingredients"":""Vegetables"",""image"":null,""availability"":""Y"",""avg_rating"":null},{""menuId"":285,""itemName"":""Raita"",""price"":575,""category"":""Indian"",""ingredients"":""Meat"",""image"":null,""availability"":""N"",""avg_rating"":null},{""menuId"":287,""itemName"":""Chicken Biryani"",""price"":578,""category"":""Indian"",""ingredients"":""Vegetables"",""image"":null,""availability"":""N"",""avg_rating"":null},{""menuId"":304,""itemName"":""Veg Tacos"",""price"":492,""category"":""Mexican"",""ingredients"":""Vegetables"",""image"":null,""availability"":""Y"",""avg_rating"":null},{""menuId"":311,""itemName"":""Chicken Nachos"",""price"":802,""category"":""Mexican"",""ingredients"":""Corn"",""image"":null,""availability"":""Y"",""avg_rating"":null},{""menuId"":351,""itemName"":""Salads w Yogurt"",""price"":622,""category"":""Mexican"",""ingredients"":""Meat"",""image"":null,""availability"":""Y"",""avg_rating"":null},{""menuId"":394,""itemName"":""Beef Tacos"",""price"":485,""category"":""Mexican"",""ingredients"":""Corn"",""image"":null,""availability"":""N"",""avg_rating"":null},{""menuId"":414,""itemName"":""Chocolate Brownie"",""price"":562,""category"":""Desserts"",""ingredients"":""Wheat"",""image"":null,""availability"":""N"",""avg_rating"":null},{""menuId"":423,""itemName"":""Choco Bar"",""price"":976,""category"":""Desserts"",""ingredients"":""Flour"",""image"":null,""availability"":""Y"",""avg_rating"":null},{""menuId"":438,""itemName"":""Ladoo"",""price"":152,""category"":""Desserts"",""ingredients"":""Flour"",""image"":null,""availability"":""N"",""avg_rating"":null},{""menuId"":455,""itemName"":""Cheese Cake"",""price"":595,""category"":""Desserts"",""ingredients"":""Wheat"",""image"":null,""availability"":""Y"",""avg_rating"":null},{""menuId"":489,""itemName"":""Blue Berry Cheese Cake"",""price"":769,""category"":""Desserts"",""ingredients"":""Flour"",""image"":null,""availability"":""N"",""avg_rating"":null}]",17:55:48,Apple Pie
7,Bangkok,388,7,LA,Ap #269-7577 In Ave,16-821,2.285710096359253,07:42:54,"[{""menuId"":44,""itemName"":""Chinese Bokchoy"",""price"":852,""category"":""Chinese"",""ingredients"":""Spice"",""image"":null,""availability"":""N"",""avg_rating"":null},{""menuId"":45,""itemName"":""Schezwan Chicken"",""price"":267,""category"":""Chinese"",""ingredients"":""Meat"",""image"":null,""availability"":""N"",""avg_rating"":2},{""menuId"":62,""itemName"":""Fried Chicken"",""price"":349,""category"":""Chinese"",""ingredients"":""Vegan"",""image"":null,""availability"":""N"",""avg_rating"":3},{""menuId"":205,""itemName"":""Mutton Biryani"",""price"":149,""category"":""Indian"",""ingredients"":""Corn"",""image"":null,""availability"":""Y"",""avg_rating"":null},{""menuId"":216,""itemName"":""Raita"",""price"":737,""category"":""Indian"",""ingredients"":""Tomato"",""image"":null,""availability"":""Y"",""avg_rating"":null},{""menuId"":217,""itemName"":""Chicken Lolipop"",""price"":769,""category"":""Indian"",""ingredients"":""Flour"",""image"":null,""availability"":""N"",""avg_rating"":null},{""menuId"":251,""itemName"":""Matka Mutton"",""price"":916,""category"":""Indian"",""ingredients"":""Fish"",""image"":null,""availability"":""Y"",""avg_rating"":null},{""menuId"":314,""itemName"":""Spicy Durango"",""price"":569,""category"":""Mexican"",""ingredients"":""Spice"",""image"":null,""availability"":""Y"",""avg_rating"":null},{""menuId"":335,""itemName"":""Chicken Nachos"",""price"":705,""category"":""Mexican"",""ingredients"":""Fish"",""image"":null,""availability"":""N"",""avg_rating"":null},{""menuId"":348,""itemName"":""Salads w Yogurt"",""price"":332,""category"":""Mexican"",""ingredients"":""Vegetables"",""image"":null,""availability"":""Y"",""avg_rating"":null},{""menuId"":362,""itemName"":""Salads w Yogurt"",""price"":267,""category"":""Mexican"",""ingredients"":""Wheat"",""image"":null,""availability"":""Y"",""avg_rating"":null},{""menuId"":380,""itemName"":""Mexicana Nachos"",""price"":600,""category"":""Mexican"",""ingredients"":""Meat"",""image"":null,""availability"":""N"",""avg_rating"":null},{""menuId"":404,""itemName"":""Vanilla Ice Cream"",""price"":255,""category"":""Desserts"",""ingredients"":""Dairy"",""image"":null,""availability"":""Y"",""avg_rating"":null},{""menuId"":405,""itemName"":""Blue Berry Cheese Cake"",""price"":600,""category"":""Desserts"",""ingredients"":""Wheat"",""image"":null,""availability"":""N"",""avg_rating"":null},{""menuId"":408,""itemName"":""Choco Bar"",""price"":278,""category"":""Desserts"",""ingredients"":""Flour"",""image"":null,""availability"":""N"",""avg_rating"":null},{""menuId"":444,""itemName"":""Rash Malai"",""price"":975,""category"":""Desserts"",""ingredients"":""Dairy"",""image"":null,""availability"":""Y"",""avg_rating"":null},{""menuId"":460,""itemName"":""Blue Berry Cheese Cake"",""price"":429,""category"":""Desserts"",""ingredients"":""Wheat"",""image"":null,""availability"":""Y"",""avg_rating"":null},{""menuId"":461,""itemName"":""Choco Lava"",""price"":258,""category"":""Desserts"",""ingredients"":""Wheat"",""image"":null,""availability"":""Y"",""avg_rating"":null},{""menuId"":470,""itemName"":""Choco Lava"",""price"":952,""category"":""Desserts"",""ingredients"":""Flour"",""image"":null,""availability"":""Y"",""avg_rating"":null},{""menuId"":496,""itemName"":""Ice Fudge"",""price"":137,""category"":""Desserts"",""ingredients"":""Wheat"",""image"":null,""availability"":""Y"",""avg_rating"":null},{""menuId"":500,""itemName"":""Rash Malai"",""price"":379,""category"":""Desserts"",""ingredients"":""Flour"",""image"":null,""availability"":""N"",""avg_rating"":null}]",07:44:23,BakesNCakes
8,Bangkok,993,8,Georgia,481-1605 Pellentesque Rd.,237016,2.5,17:04:38,"[{""menuId"":14,""itemName"":""Pepperoni Noodles"",""price"":842,""category"":""Chinese"",""ingredients"":""Vegetables"",""image"":null,""availability"":""N"",""avg_rating"":0},{""menuId"":30,""itemName"":""Veggie Delight"",""price"":919,""category"":""Chinese"",""ingredients"":""Corn"",""image"":null,""availability"":""Y"",""avg_rating"":null},{""menuId"":245,""itemName"":""Butter Garlic Naan"",""price"":372,""category"":""Indian"",""ingredients"":""Meat"",""image"":null,""availability"":""N"",""avg_rating"":null},{""menuId"":247,""itemName"":""Matka Mutton"",""price"":363,""category"":""Indian"",""ingredients"":""Flour"",""image"":null,""availability"":""N"",""avg_rating"":null},{""menuId"":290,""itemName"":""Plain Rice"",""price"":829,""category"":""Indian"",""ingredients"":""Meat"",""image"":null,""availability"":""N"",""avg_rating"":null},{""menuId"":300,""itemName"":""Aloo Dum"",""price"":303,""category"":""Indian"",""ingredients"":""Corn"",""image"":null,""availability"":""Y"",""avg_rating"":null},{""menuId"":326,""itemName"":""Spicy Durango"",""price"":469,""category"":""Mexican"",""ingredients"":""Flour"",""image"":null,""availability"":""Y"",""avg_rating"":null},{""menuId"":328,""itemName"":""Spicy Durango"",""price"":302,""category"":""Mexican"",""ingredients"":""Vegetables"",""image"":null,""availability"":""Y"",""avg_rating"":null},{""menuId"":345,""itemName"":""Chicken Tortillas"",""price"":438,""category"":""Mexican"",""ingredients"":""Dairy"",""image"":null,""availability"":""Y"",""avg_rating"":null},{""menuId"":365,""itemName"":""Spicy Durango"",""price"":816,""category"":""Mexican"",""ingredients"":""Dairy"",""image"":null,""availability"":""Y"",""avg_rating"":null},{""menuId"":370,""itemName"":""Pizza Mexicana"",""price"":227,""category"":""Mexican"",""ingredients"":""Fish"",""image"":null,""availability"":""N"",""avg_rating"":null},{""menuId"":378,""itemName"":""Mexicana Tortillas"",""price"":695,""category"":""Mexican"",""ingredients"":""Wheat"",""image"":null,""availability"":""Y"",""avg_rating"":null},{""menuId"":418,""itemName"":""Cashew Milk Shake"",""price"":972,""category"":""Desserts"",""ingredients"":""Dairy"",""image"":null,""availability"":""N"",""avg_rating"":null},{""menuId"":431,""itemName"":""Choco Bar"",""price"":199,""category"":""Desserts"",""ingredients"":""Flour"",""image"":null,""availability"":""Y"",""avg_rating"":null},{""menuId"":488,""itemName"":""Choco Bar"",""price"":925,""category"":""Desserts"",""ingredients"":""Wheat"",""image"":null,""availability"":""N"",""avg_rating"":null}]",10:39:15,DunkinDonuts
9,Bangkok,222,9,Gye,341-1933 Felis Avenue,106725,2.625,11:31:38,"[{""menuId"":1,""itemName"":""Chowmein"",""price"":550,""category"":""Chinese"",""ingredients"":""Dairy"",""image"":null,""availability"":""Y"",""avg_rating"":4},{""menuId"":10,""itemName"":""Pepperoni Noodles"",""price"":108,""category"":""Chinese"",""ingredients"":""Fish"",""image"":null,""availability"":""Y"",""avg_rating"":2.333329916000366},{""menuId"":20,""itemName"":""Chinese Bokchoy"",""price"":649,""category"":""Chinese"",""ingredients"":""Wheat"",""image"":null,""availability"":""N"",""avg_rating"":null},{""menuId"":40,""itemName"":""Veg Fried Rice"",""price"":707,""category"":""Chinese"",""ingredients"":""Spice"",""image"":null,""availability"":""N"",""avg_rating"":null},{""menuId"":43,""itemName"":""Veg Manchurian"",""price"":531,""category"":""Chinese"",""ingredients"":""Fish"",""image"":null,""availability"":""Y"",""avg_rating"":1.75},{""menuId"":55,""itemName"":""Mix Manchurian"",""price"":585,""category"":""Chinese"",""ingredients"":""Spice"",""image"":null,""availability"":""N"",""avg_rating"":5},{""menuId"":59,""itemName"":""Chicken Manchurian"",""price"":644,""category"":""Chinese"",""ingredients"":""Corn"",""image"":null,""availability"":""N"",""avg_rating"":null},{""menuId"":206,""itemName"":""Chicken Tandoori"",""price"":929,""category"":""Indian"",""ingredients"":""Fish"",""image"":null,""availability"":""N"",""avg_rating"":null},{""menuId"":274,""itemName"":""Roti Bread"",""price"":457,""category"":""Indian"",""ingredients"":""Vegan"",""image"":null,""availability"":""N"",""avg_rating"":null},{""menuId"":295,""itemName"":""Raita"",""price"":194,""category"":""Indian"",""ingredients"":""Tomato"",""image"":null,""availability"":""N"",""avg_rating"":null},{""menuId"":327,""itemName"":""Tortillas w Meat Sauce"",""price"":536,""category"":""Mexican"",""ingredients"":""Dairy"",""image"":null,""availability"":""Y"",""avg_rating"":null},{""menuId"":330,""itemName"":""Nachos w Salsa"",""price"":156,""category"":""Mexican"",""ingredients"":""Spice"",""image"":null,""availability"":""Y"",""avg_rating"":null},{""menuId"":353,""itemName"":""Salads w Yogurt"",""price"":191,""category"":""Mexican"",""ingredients"":""Corn"",""image"":null,""availability"":""N"",""avg_rating"":null},{""menuId"":363,""itemName"":""Spicy Durango"",""price"":142,""category"":""Mexican"",""ingredients"":""Spice"",""image"":null,""availability"":""N"",""avg_rating"":null},{""menuId"":382,""itemName"":""Pizza Mexicana"",""price"":247,""category"":""Mexican"",""ingredients"":""Dairy"",""image"":null,""availability"":""Y"",""avg_rating"":null},{""menuId"":384,""itemName"":""Veg Tacos"",""price"":152,""category"":""Mexican"",""ingredients"":""Corn"",""image"":null,""availability"":""N"",""avg_rating"":null},{""menuId"":402,""itemName"":""Rash Malai"",""price"":462,""category"":""Desserts"",""ingredients"":""Flour"",""image"":null,""availability"":""N"",""avg_rating"":null},{""menuId"":433,""itemName"":""Cheese Cake"",""price"":92,""category"":""Desserts"",""ingredients"":""Flour"",""image"":null,""availability"":""Y"",""avg_rating"":null},{""menuId"":449,""itemName"":""Rash Malai"",""price"":860,""category"":""Desserts"",""ingredients"":""Flour"",""image"":null,""availability"":""Y"",""avg_rating"":null},{""menuId"":450,""itemName"":""Vanilla Ice Cream"",""price"":945,""category"":""Desserts"",""ingredients"":""Dairy"",""image"":null,""availability"":""N"",""avg_rating"":null},{""menuId"":478,""itemName"":""Black Forest Pastry"",""price"":146,""category"":""Desserts"",""ingredients"":""Dairy"",""image"":null,""availability"":""Y"",""avg_rating"":null}]",08:01:09,FoodLovers
10,Bangkok,28,10,Berlin,"P.O. Box 288, 802 Tincidunt, Rd.",Z7596,3,03:53:46,"[{""menuId"":21,""itemName"":""Pepperoni Noodles"",""price"":501,""category"":""Chinese"",""ingredients"":""Vegetables"",""image"":null,""availability"":""N"",""avg_rating"":4},{""menuId"":38,""itemName"":""Fried Chicken"",""price"":362,""category"":""Chinese"",""ingredients"":""Wheat"",""image"":null,""availability"":""N"",""avg_rating"":1},{""menuId"":39,""itemName"":""Mushroom Soy Mix"",""price"":236,""category"":""Chinese"",""ingredients"":""Vegetables"",""image"":null,""availability"":""N"",""avg_rating"":null},{""menuId"":60,""itemName"":""Chicken Noodles"",""price"":154,""category"":""Chinese"",""ingredients"":""Vegetables"",""image"":null,""availability"":""Y"",""avg_rating"":1},{""menuId"":70,""itemName"":""Fried Chicken"",""price"":52,""category"":""Chinese"",""ingredients"":""Fish"",""image"":null,""availability"":""Y"",""avg_rating"":4},{""menuId"":75,""itemName"":""Chicken Noodles"",""price"":240,""category"":""Chinese"",""ingredients"":""Wheat"",""image"":null,""availability"":""N"",""avg_rating"":null},{""menuId"":99,""itemName"":""Veg Manchurian"",""price"":141,""category"":""Chinese"",""ingredients"":""Fish"",""image"":null,""availability"":""Y"",""avg_rating"":5},{""menuId"":202,""itemName"":""Mutton Kebab"",""price"":268,""category"":""Indian"",""ingredients"":""Flour"",""image"":null,""availability"":""Y"",""avg_rating"":null},{""menuId"":204,""itemName"":""Matka Mutton"",""price"":442,""category"":""Indian"",""ingredients"":""Tomato"",""image"":null,""availability"":""N"",""avg_rating"":null},{""menuId"":208,""itemName"":""Mutton Kebab"",""price"":786,""category"":""Indian"",""ingredients"":""Vegan"",""image"":null,""availability"":""N"",""avg_rating"":null},{""menuId"":211,""itemName"":""Chicken Tandoori"",""price"":897,""category"":""Indian"",""ingredients"":""Meat"",""image"":null,""availability"":""Y"",""avg_rating"":null},{""menuId"":214,""itemName"":""Butter Naan"",""price"":810,""category"":""Indian"",""ingredients"":""Flour"",""image"":null,""availability"":""Y"",""avg_rating"":null},{""menuId"":230,""itemName"":""Chicken Biryani"",""price"":892,""category"":""Indian"",""ingredients"":""Corn"",""image"":null,""availability"":""N"",""avg_rating"":null},{""menuId"":235,""itemName"":""Chicken Keema Naan"",""price"":159,""category"":""Indian"",""ingredients"":""Corn"",""image"":null,""availability"":""N"",""avg_rating"":null},{""menuId"":239,""itemName"":""Veg Kofta"",""price"":109,""category"":""Indian"",""ingredients"":""Meat"",""image"":null,""availability"":""N"",""avg_rating"":null},{""menuId"":240,""itemName"":""Chicken Tandoori"",""price"":338,""category"":""Indian"",""ingredients"":""Fish"",""image"":null,""availability"":""N"",""avg_rating"":null},{""menuId"":246,""itemName"":""Roti Bread"",""price"":916,""category"":""Indian"",""ingredients"":""Vegan"",""image"":null,""availability"":""N"",""avg_rating"":null},{""menuId"":248,""itemName"":""Chicken Tandoori"",""price"":535,""category"":""Indian"",""ingredients"":""Tomato"",""image"":null,""availability"":""N"",""avg_rating"":null},{""menuId"":254,""itemName"":""Chicken Keema Naan"",""price"":621,""category"":""Indian"",""ingredients"":""Spice"",""image"":null,""availability"":""Y"",""avg_rating"":null},{""menuId"":298,""itemName"":""Plain Rice"",""price"":466,""category"":""Indian"",""ingredients"":""Spice"",""image"":null,""availability"":""Y"",""avg_rating"":null},{""menuId"":302,""itemName"":""Nachos w Salsa"",""price"":592,""category"":""Mexican"",""ingredients"":""Corn"",""image"":null,""availability"":""Y"",""avg_rating"":null},{""menuId"":428,""itemName"":""Strawberry Ice Cream"",""price"":279,""category"":""Desserts"",""ingredients"":""Dairy"",""image"":null,""availability"":""N"",""avg_rating"":null},{""menuId"":459,""itemName"":""Choco Bar"",""price"":199,""category"":""Desserts"",""ingredients"":""Wheat"",""image"":null,""availability"":""Y"",""avg_rating"":null},{""menuId"":477,""itemName"":""Ladoo"",""price"":940,""category"":""Desserts"",""ingredients"":""Flour"",""image"":null,""availability"":""Y"",""avg_rating"":null},{""menuId"":480,""itemName"":""Coffee Cream Cake"",""price"":556,""category"":""Desserts"",""ingredients"":""Dairy"",""image"":null,""availability"":""N"",""avg_rating"":null},{""menuId"":483,""itemName"":""Choco Chip"",""price"":268,""category"":""Desserts"",""ingredients"":""Wheat"",""image"":null,""availability"":""N"",""avg_rating"":null}]",11:43:54,PizzaMania
11,Bangkok,734,11,RI,"5673 Sapien, Street",98740,3,18:56:10,"[{""menuId"":71,""itemName"":""Chicken Noodles"",""price"":679,""category"":""Chinese"",""ingredients"":""Spice"",""image"":null,""availability"":""N"",""avg_rating"":2.5},{""menuId"":87,""itemName"":""Veg Manchurian"",""price"":118,""category"":""Chinese"",""ingredients"":""Meat"",""image"":null,""availability"":""N"",""avg_rating"":2},{""menuId"":222,""itemName"":""Chicken Keema Naan"",""price"":305,""category"":""Indian"",""ingredients"":""Spice"",""image"":null,""availability"":""Y"",""avg_rating"":null},{""menuId"":263,""itemName"":""Mutton Kebab"",""price"":305,""category"":""Indian"",""ingredients"":""Wheat"",""image"":null,""availability"":""Y"",""avg_rating"":null},{""menuId"":296,""itemName"":""Raita"",""price"":987,""category"":""Indian"",""ingredients"":""Dairy"",""image"":null,""availability"":""Y"",""avg_rating"":null},{""menuId"":333,""itemName"":""Chicken Nachos"",""price"":905,""category"":""Mexican"",""ingredients"":""Vegetables"",""image"":null,""availability"":""N"",""avg_rating"":null},{""menuId"":338,""itemName"":""Veg Tacos"",""price"":440,""category"":""Mexican"",""ingredients"":""Flour"",""image"":null,""availability"":""N"",""avg_rating"":null},{""menuId"":376,""itemName"":""Salads w Yogurt"",""price"":152,""category"":""Mexican"",""ingredients"":""Tomato"",""image"":null,""availability"":""Y"",""avg_rating"":null},{""menuId"":377,""itemName"":""Mexicana Tortillas"",""price"":774,""category"":""Mexican"",""ingredients"":""Fish"",""image"":null,""availability"":""Y"",""avg_rating"":null},{""menuId"":398,""itemName"":""Fresh Salads"",""price"":787,""category"":""Mexican"",""ingredients"":""Meat"",""image"":null,""availability"":""Y"",""avg_rating"":null},{""menuId"":399,""itemName"":""Chicken Tacos"",""price"":320,""category"":""Mexican"",""ingredients"":""Wheat"",""image"":null,""availability"":""Y"",""avg_rating"":null},{""menuId"":406,""itemName"":""Coffee Cream Cake"",""price"":941,""category"":""Desserts"",""ingredients"":""Flour"",""image"":null,""availability"":""Y"",""avg_rating"":null},{""menuId"":424,""itemName"":""Brown Muffin"",""price"":537,""category"":""Desserts"",""ingredients"":""Flour"",""image"":null,""availability"":""Y"",""avg_rating"":null},{""menuId"":457,""itemName"":""Strawberry Ice Cream"",""price"":440,""category"":""Desserts"",""ingredients"":""Dairy"",""image"":null,""availability"":""N"",""avg_rating"":null},{""menuId"":473,""itemName"":""Choco Lava"",""price"":388,""category"":""Desserts"",""ingredients"":""Wheat"",""image"":null,""availability"":""N"",""avg_rating"":null},{""menuId"":476,""itemName"":""Choco Lava"",""price"":986,""category"":""Desserts"",""ingredients"":""Flour"",""image"":null,""availability"":""Y"",""avg_rating"":null},{""menuId"":484,""itemName"":""Choco Lava"",""price"":618,""category"":""Desserts"",""ingredients"":""Flour"",""image"":null,""availability"":""N"",""avg_rating"":null},{""menuId"":492,""itemName"":""Cashew Milk Shake"",""price"":760,""category"":""Desserts"",""ingredients"":""Wheat"",""image"":null,""availability"":""Y"",""avg_rating"":null}]",02:45:37,Adobe Grill
12,Bangkok,804,12,Nord-Pas-de-Calais,6233 Suspendisse St.,143351,2,01:39:48,"[{""menuId"":8,""itemName"":""Hot n Spicy Ramen"",""price"":409,""category"":""Chinese"",""ingredients"":""Fish"",""image"":null,""availability"":""Y"",""avg_rating"":null},{""menuId"":24,""itemName"":""Pepperoni Noodles"",""price"":191,""category"":""Chinese"",""ingredients"":""Spice"",""image"":null,""availability"":""N"",""avg_rating"":4},{""menuId"":27,""itemName"":""Pepperoni Noodles"",""price"":205,""category"":""Chinese"",""ingredients"":""Wheat"",""image"":null,""availability"":""Y"",""avg_rating"":2},{""menuId"":76,""itemName"":""Meat Platter"",""price"":658,""category"":""Chinese"",""ingredients"":""Meat"",""image"":null,""availability"":""Y"",""avg_rating"":4},{""menuId"":219,""itemName"":""Chicken Keema Naan"",""price"":383,""category"":""Indian"",""ingredients"":""Corn"",""image"":null,""availability"":""Y"",""avg_rating"":null},{""menuId"":267,""itemName"":""Raita"",""price"":958,""category"":""Indian"",""ingredients"":""Vegan"",""image"":null,""availability"":""N"",""avg_rating"":null},{""menuId"":303,""itemName"":""Chicken Nachos"",""price"":999,""category"":""Mexican"",""ingredients"":""Flour"",""image"":null,""availability"":""Y"",""avg_rating"":null},{""menuId"":307,""itemName"":""Spicy Durango"",""price"":85,""category"":""Mexican"",""ingredients"":""Tomato"",""image"":null,""availability"":""Y"",""avg_rating"":null},{""menuId"":323,""itemName"":""Chicken Nachos"",""price"":857,""category"":""Mexican"",""ingredients"":""Corn"",""image"":null,""availability"":""N"",""avg_rating"":null},{""menuId"":379,""itemName"":""Pork Knuckle"",""price"":784,""category"":""Mexican"",""ingredients"":""Corn"",""image"":null,""availability"":""Y"",""avg_rating"":null},{""menuId"":386,""itemName"":""Spicy Durango"",""price"":478,""category"":""Mexican"",""ingredients"":""Dairy"",""image"":null,""availability"":""Y"",""avg_rating"":null},{""menuId"":389,""itemName"":""Tortillas w Meat Sauce"",""price"":418,""category"":""Mexican"",""ingredients"":""Vegan"",""image"":null,""availability"":""Y"",""avg_rating"":null},{""menuId"":421,""itemName"":""Choco Lava"",""price"":774,""category"":""Desserts"",""ingredients"":""Wheat"",""image"":null,""availability"":""N"",""avg_rating"":null},{""menuId"":436,""itemName"":""Choco Lava"",""price"":593,""category"":""Desserts"",""ingredients"":""Dairy"",""image"":null,""availability"":""Y"",""avg_rating"":null},{""menuId"":482,""itemName"":""Apple Pie"",""price"":375,""category"":""Desserts"",""ingredients"":""Dairy"",""image"":null,""availability"":""Y"",""avg_rating"":null},{""menuId"":486,""itemName"":""Choco Chip"",""price"":320,""category"":""Desserts"",""ingredients"":""Wheat"",""image"":null,""availability"":""N"",""avg_rating"":null},{""menuId"":497,""itemName"":""Apple Pie"",""price"":926,""category"":""Desserts"",""ingredients"":""Dairy"",""image"":null,""availability"":""Y"",""avg_rating"":null}]",17:17:10,Chicken Station
13,Bangkok,894,13,SO,"P.O. Box 665, 5475 Interdum. St.",19048,2.833329916000366,06:30:55,"[{""menuId"":4,""itemName"":""Mushroom Soy Mix"",""price"":548,""category"":""Chinese"",""ingredients"":""Meat"",""image"":null,""availability"":""Y"",""avg_rating"":3},{""menuId"":49,""itemName"":""Meat Platter"",""price"":190,""category"":""Chinese"",""ingredients"":""Tomato"",""image"":null,""availability"":""Y"",""avg_rating"":0},{""menuId"":97,""itemName"":""Pepperoni Noodles"",""price"":146,""category"":""Chinese"",""ingredients"":""Flour"",""image"":null,""availability"":""N"",""avg_rating"":null},{""menuId"":213,""itemName"":""Mutton Kebab"",""price"":114,""category"":""Indian"",""ingredients"":""Vegetables"",""image"":null,""availability"":""Y"",""avg_rating"":null},{""menuId"":227,""itemName"":""Butter Garlic Naan"",""price"":674,""category"":""Indian"",""ingredients"":""Vegetables"",""image"":null,""availability"":""N"",""avg_rating"":null},{""menuId"":228,""itemName"":""Paneer Tikka"",""price"":412,""category"":""Indian"",""ingredients"":""Vegan"",""image"":null,""availability"":""Y"",""avg_rating"":null},{""menuId"":243,""itemName"":""Veg Kofta"",""price"":800,""category"":""Indian"",""ingredients"":""Dairy"",""image"":null,""availability"":""N"",""avg_rating"":null},{""menuId"":264,""itemName"":""Paneer Tikka"",""price"":172,""category"":""Indian"",""ingredients"":""Fish"",""image"":null,""availability"":""N"",""avg_rating"":null},{""menuId"":288,""itemName"":""Veg Thali Set"",""price"":137,""category"":""Indian"",""ingredients"":""Fish"",""image"":null,""availability"":""Y"",""avg_rating"":null},{""menuId"":293,""itemName"":""Butter Garlic Naan"",""price"":490,""category"":""Indian"",""ingredients"":""Vegan"",""image"":null,""availability"":""N"",""avg_rating"":null},{""menuId"":315,""itemName"":""Fresh Salads"",""price"":713,""category"":""Mexican"",""ingredients"":""Tomato"",""image"":null,""availability"":""Y"",""avg_rating"":null},{""menuId"":344,""itemName"":""Fresh Salads"",""price"":873,""category"":""Mexican"",""ingredients"":""Fish"",""image"":null,""availability"":""N"",""avg_rating"":null},{""menuId"":361,""itemName"":""Veg Tacos"",""price"":168,""category"":""Mexican"",""ingredients"":""Tomato"",""image"":null,""availability"":""Y"",""avg_rating"":null},{""menuId"":373,""itemName"":""Nachos w Salsa"",""price"":881,""category"":""Mexican"",""ingredients"":""Tomato"",""image"":null,""availability"":""N"",""avg_rating"":null},{""menuId"":385,""itemName"":""Chicken Tacos"",""price"":871,""category"":""Mexican"",""ingredients"":""Tomato"",""image"":null,""availability"":""Y"",""avg_rating"":null},{""menuId"":387,""itemName"":""Nachos w Salsa"",""price"":433,""category"":""Mexican"",""ingredients"":""Vegan"",""image"":null,""availability"":""N"",""avg_rating"":null},{""menuId"":388,""itemName"":""Mexicana Tortillas"",""price"":638,""category"":""Mexican"",""ingredients"":""Meat"",""image"":null,""availability"":""Y"",""avg_rating"":null},{""menuId"":419,""itemName"":""Choco Bar"",""price"":441,""category"":""Desserts"",""ingredients"":""Dairy"",""image"":null,""availability"":""Y"",""avg_rating"":null},{""menuId"":425,""itemName"":""Black Forest Pastry"",""price"":198,""category"":""Desserts"",""ingredients"":""Flour"",""image"":null,""availability"":""N"",""avg_rating"":null},{""menuId"":430,""itemName"":""Coffee Cream Cake"",""price"":123,""category"":""Desserts"",""ingredients"":""Wheat"",""image"":null,""availability"":""N"",""avg_rating"":null},{""menuId"":439,""itemName"":""Cheese Cake"",""price"":115,""category"":""Desserts"",""ingredients"":""Dairy"",""image"":null,""availability"":""Y"",""avg_rating"":null},{""menuId"":465,""itemName"":""Black Forest Pastry"",""price"":244,""category"":""Desserts"",""ingredients"":""Dairy"",""image"":null,""availability"":""N"",""avg_rating"":null},{""menuId"":474,""itemName"":""Apple Pie"",""price"":881,""category"":""Desserts"",""ingredients"":""Dairy"",""image"":null,""availability"":""N"",""avg_rating"":null},{""menuId"":490,""itemName"":""Chocolate Brownie"",""price"":463,""category"":""Desserts"",""ingredients"":""Wheat"",""image"":null,""availability"":""Y"",""avg_rating"":null}]",22:07:00,85CBakery
14,Bangkok,819,14,AB,Ap #770-3826 Ac St.,H98 4AX,2.666670083999634,09:24:09,"[{""menuId"":5,""itemName"":""Veg Manchurian"",""price"":452,""category"":""Chinese"",""ingredients"":""Wheat"",""image"":null,""availability"":""N"",""avg_rating"":3},{""menuId"":11,""itemName"":""Veggie Delight"",""price"":508,""category"":""Chinese"",""ingredients"":""Dairy"",""image"":null,""availability"":""N"",""avg_rating"":null},{""menuId"":17,""itemName"":""Chicken Noodles"",""price"":336,""category"":""Chinese"",""ingredients"":""Tomato"",""image"":null,""availability"":""Y"",""avg_rating"":2.5},{""menuId"":19,""itemName"":""Mix Manchurian"",""price"":170,""category"":""Chinese"",""ingredients"":""Spice"",""image"":null,""availability"":""N"",""avg_rating"":4},{""menuId"":29,""itemName"":""Schezwan Chicken"",""price"":321,""category"":""Chinese"",""ingredients"":""Tomato"",""image"":null,""availability"":""N"",""avg_rating"":0},{""menuId"":48,""itemName"":""Schezwan Chicken"",""price"":626,""category"":""Chinese"",""ingredients"":""Wheat"",""image"":null,""availability"":""Y"",""avg_rating"":1},{""menuId"":52,""itemName"":""Pork Soup"",""price"":111,""category"":""Chinese"",""ingredients"":""Vegetables"",""image"":null,""availability"":""N"",""avg_rating"":2},{""menuId"":66,""itemName"":""Veggie Delight"",""price"":628,""category"":""Chinese"",""ingredients"":""Flour"",""image"":null,""availability"":""N"",""avg_rating"":1.5},{""menuId"":67,""itemName"":""Chicken Noodles"",""price"":775,""category"":""Chinese"",""ingredients"":""Fish"",""image"":null,""availability"":""N"",""avg_rating"":null},{""menuId"":72,""itemName"":""Fried Chicken"",""price"":149,""category"":""Chinese"",""ingredients"":""Wheat"",""image"":null,""availability"":""N"",""avg_rating"":0},{""menuId"":90,""itemName"":""Pepperoni Noodles"",""price"":150,""category"":""Chinese"",""ingredients"":""Spice"",""image"":null,""availability"":""Y"",""avg_rating"":4},{""menuId"":91,""itemName"":""Veggie Delight"",""price"":564,""category"":""Chinese"",""ingredients"":""Tomato"",""image"":null,""availability"":""N"",""avg_rating"":2.5},{""menuId"":215,""itemName"":""Mutton Biryani"",""price"":580,""category"":""Indian"",""ingredients"":""Wheat"",""image"":null,""availability"":""Y"",""avg_rating"":null},{""menuId"":233,""itemName"":""Butter Naan"",""price"":539,""category"":""Indian"",""ingredients"":""Corn"",""image"":null,""availability"":""Y"",""avg_rating"":null},{""menuId"":272,""itemName"":""Mutton Kebab"",""price"":535,""category"":""Indian"",""ingredients"":""Flour"",""image"":null,""availability"":""Y"",""avg_rating"":null},{""menuId"":299,""itemName"":""Aloo Dum"",""price"":594,""category"":""Indian"",""ingredients"":""Spice"",""image"":null,""availability"":""N"",""avg_rating"":null},{""menuId"":316,""itemName"":""Tortillas w Meat Sauce"",""price"":979,""category"":""Mexican"",""ingredients"":""Meat"",""image"":null,""availability"":""N"",""avg_rating"":null},{""menuId"":343,""itemName"":""Pizza Mexicana"",""price"":221,""category"":""Mexican"",""ingredients"":""Fish"",""image"":null,""availability"":""Y"",""avg_rating"":null},{""menuId"":354,""itemName"":""Fresh Salads"",""price"":203,""category"":""Mexican"",""ingredients"":""Tomato"",""image"":null,""availability"":""Y"",""avg_rating"":null},{""menuId"":381,""itemName"":""Mexicana Nachos"",""price"":404,""category"":""Mexican"",""ingredients"":""Fish"",""image"":null,""availability"":""N"",""avg_rating"":null},{""menuId"":498,""itemName"":""Strawberry Ice Cream"",""price"":782,""category"":""Desserts"",""ingredients"":""Wheat"",""image"":null,""availability"":""Y"",""avg_rating"":null}]",07:19:32,Borland
15,Bangkok,108,15,Kent,576-7611 Nam Rd.,725085,3.125,07:32:01,"[{""menuId"":22,""itemName"":""Chicken Noodles"",""price"":914,""category"":""Chinese"",""ingredients"":""Wheat"",""image"":null,""availability"":""N"",""avg_rating"":0},{""menuId"":25,""itemName"":""Chicken Noodles"",""price"":315,""category"":""Chinese"",""ingredients"":""Spice"",""image"":null,""availability"":""Y"",""avg_rating"":null},{""menuId"":69,""itemName"":""Hot n Spicy Ramen"",""price"":496,""category"":""Chinese"",""ingredients"":""Corn"",""image"":null,""availability"":""Y"",""avg_rating"":null},{""menuId"":79,""itemName"":""Veggie Delight"",""price"":786,""category"":""Chinese"",""ingredients"":""Wheat"",""image"":null,""availability"":""Y"",""avg_rating"":3},{""menuId"":244,""itemName"":""Butter Garlic Naan"",""price"":789,""category"":""Indian"",""ingredients"":""Flour"",""image"":null,""availability"":""Y"",""avg_rating"":null},{""menuId"":250,""itemName"":""Chicken Biryani"",""price"":480,""category"":""Indian"",""ingredients"":""Tomato"",""image"":null,""availability"":""N"",""avg_rating"":null},{""menuId"":273,""itemName"":""Roti Bread"",""price"":763,""category"":""Indian"",""ingredients"":""Vegan"",""image"":null,""availability"":""Y"",""avg_rating"":null},{""menuId"":332,""itemName"":""Mexicana Tortillas"",""price"":909,""category"":""Mexican"",""ingredients"":""Fish"",""image"":null,""availability"":""N"",""avg_rating"":null},{""menuId"":336,""itemName"":""Tortillas w Meat Sauce"",""price"":637,""category"":""Mexican"",""ingredients"":""Corn"",""image"":null,""availability"":""N"",""avg_rating"":null},{""menuId"":352,""itemName"":""Fresh Salads"",""price"":727,""category"":""Mexican"",""ingredients"":""Spice"",""image"":null,""availability"":""Y"",""avg_rating"":null},{""menuId"":357,""itemName"":""Mexicana Nachos"",""price"":410,""category"":""Mexican"",""ingredients"":""Fish"",""image"":null,""availability"":""N"",""avg_rating"":null},{""menuId"":397,""itemName"":""Pork Knuckle"",""price"":224,""category"":""Mexican"",""ingredients"":""Corn"",""image"":null,""availability"":""N"",""avg_rating"":null},{""menuId"":403,""itemName"":""Choco Lava"",""price"":259,""category"":""Desserts"",""ingredients"":""Dairy"",""image"":null,""availability"":""N"",""avg_rating"":null},{""menuId"":415,""itemName"":""Cheese Cake"",""price"":917,""category"":""Desserts"",""ingredients"":""Dairy"",""image"":null,""availability"":""Y"",""avg_rating"":null},{""menuId"":427,""itemName"":""Black Forest Pastry"",""price"":572,""category"":""Desserts"",""ingredients"":""Flour"",""image"":null,""availability"":""N"",""avg_rating"":null},{""menuId"":446,""itemName"":""Black Forest Pastry"",""price"":359,""category"":""Desserts"",""ingredients"":""Dairy"",""image"":null,""availability"":""Y"",""avg_rating"":null},{""menuId"":485,""itemName"":""Choco Chip"",""price"":619,""category"":""Desserts"",""ingredients"":""Dairy"",""image"":null,""availability"":""N"",""avg_rating"":null},{""menuId"":493,""itemName"":""Rash Malai"",""price"":185,""category"":""Desserts"",""ingredients"":""Dairy"",""image"":null,""availability"":""N"",""avg_rating"":null}]",22:26:43,Lycos
16,Bangkok,453,16,RP,733-5508 Enim. Rd.,22855,1.5,19:28:02,"[{""menuId"":6,""itemName"":""Meat Platter"",""price"":819,""category"":""Chinese"",""ingredients"":""Vegan"",""image"":null,""availability"":""Y"",""avg_rating"":null},{""menuId"":13,""itemName"":""Chinese Bokchoy"",""price"":310,""category"":""Chinese"",""ingredients"":""Fish"",""image"":null,""availability"":""Y"",""avg_rating"":null},{""menuId"":32,""itemName"":""Schezwan Chicken"",""price"":679,""category"":""Chinese"",""ingredients"":""Dairy"",""image"":null,""availability"":""N"",""avg_rating"":null},{""menuId"":34,""itemName"":""Meat Platter"",""price"":998,""category"":""Chinese"",""ingredients"":""Wheat"",""image"":null,""availability"":""Y"",""avg_rating"":3},{""menuId"":35,""itemName"":""Mushroom Soy Mix"",""price"":150,""category"":""Chinese"",""ingredients"":""Fish"",""image"":null,""availability"":""Y"",""avg_rating"":3},{""menuId"":94,""itemName"":""Hot n Spicy Ramen"",""price"":258,""category"":""Chinese"",""ingredients"":""Meat"",""image"":null,""availability"":""N"",""avg_rating"":null},{""menuId"":234,""itemName"":""Paneer Tikka"",""price"":479,""category"":""Indian"",""ingredients"":""Corn"",""image"":null,""availability"":""Y"",""avg_rating"":null},{""menuId"":238,""itemName"":""Veg Thali Set"",""price"":538,""category"":""Indian"",""ingredients"":""Dairy"",""image"":null,""availability"":""Y"",""avg_rating"":null},{""menuId"":252,""itemName"":""Mutton Biryani"",""price"":889,""category"":""Indian"",""ingredients"":""Tomato"",""image"":null,""availability"":""N"",""avg_rating"":null},{""menuId"":276,""itemName"":""Chicken Keema Naan"",""price"":708,""category"":""Indian"",""ingredients"":""Fish"",""image"":null,""availability"":""N"",""avg_rating"":null},{""menuId"":277,""itemName"":""Chicken Keema Naan"",""price"":109,""category"":""Indian"",""ingredients"":""Vegan"",""image"":null,""availability"":""N"",""avg_rating"":null},{""menuId"":289,""itemName"":""Matka Mutton"",""price"":957,""category"":""Indian"",""ingredients"":""Dairy"",""image"":null,""availability"":""Y"",""avg_rating"":null},{""menuId"":322,""itemName"":""Tortillas w Meat Sauce"",""price"":300,""category"":""Mexican"",""ingredients"":""Tomato"",""image"":null,""availability"":""Y"",""avg_rating"":null},{""menuId"":329,""itemName"":""Veg Tacos"",""price"":346,""category"":""Mexican"",""ingredients"":""Spice"",""image"":null,""availability"":""N"",""avg_rating"":null},{""menuId"":337,""itemName"":""Spicy Durango"",""price"":232,""category"":""Mexican"",""ingredients"":""Fish"",""image"":null,""availability"":""Y"",""avg_rating"":null},{""menuId"":366,""itemName"":""Spicy Durango"",""price"":479,""category"":""Mexican"",""ingredients"":""Flour"",""image"":null,""availability"":""N"",""avg_rating"":null},{""menuId"":374,""itemName"":""Chicken Nachos"",""price"":931,""category"":""Mexican"",""ingredients"":""Wheat"",""image"":null,""availability"":""Y"",""avg_rating"":null},{""menuId"":383,""itemName"":""Spicy Durango"",""price"":864,""category"":""Mexican"",""ingredients"":""Tomato"",""image"":null,""availability"":""N"",""avg_rating"":null},{""menuId"":412,""itemName"":""Ice Fudge"",""price"":864,""category"":""Desserts"",""ingredients"":""Wheat"",""image"":null,""availability"":""Y"",""avg_rating"":null},{""menuId"":429,""itemName"":""Ladoo"",""price"":576,""category"":""Desserts"",""ingredients"":""Wheat"",""image"":null,""availability"":""N"",""avg_rating"":null},{""menuId"":437,""itemName"":""Coffee Cream Cake"",""price"":723,""category"":""Desserts"",""ingredients"":""Wheat"",""image"":null,""availability"":""Y"",""avg_rating"":null},{""menuId"":440,""itemName"":""Choco Chip"",""price"":771,""category"":""Desserts"",""ingredients"":""Wheat"",""image"":null,""availability"":""Y"",""avg_rating"":null},{""menuId"":445,""itemName"":""Choco Lava"",""price"":864,""category"":""Desserts"",""ingredients"":""Wheat"",""image"":null,""availability"":""Y"",""avg_rating"":null},{""menuId"":456,""itemName"":""Ice Fudge"",""price"":310,""category"":""Desserts"",""ingredients"":""Flour"",""image"":null,""availability"":""N"",""avg_rating"":null},{""menuId"":471,""itemName"":""Vanilla Ice Cream"",""price"":860,""category"":""Desserts"",""ingredients"":""Wheat"",""image"":null,""availability"":""N"",""avg_rating"":null},{""menuId"":479,""itemName"":""Rash Malai"",""price"":529,""category"":""Desserts"",""ingredients"":""Dairy"",""image"":null,""availability"":""N"",""avg_rating"":null},{""menuId"":481,""itemName"":""Apple Pie"",""price"":844,""category"":""Desserts"",""ingredients"":""Flour"",""image"":null,""availability"":""N"",""avg_rating"":null},{""menuId"":494,""itemName"":""Blue Berry Cheese Cake"",""price"":245,""category"":""Desserts"",""ingredients"":""Dairy"",""image"":null,""availability"":""Y"",""avg_rating"":null}]",09:38:12,The Thai
17,Bangkok,176,17,W,"P.O. Box 294, 2275 Sapien. Road",28-710,3.333329916000366,12:37:47,"[{""menuId"":51,""itemName"":""Chicken Noodles"",""price"":860,""category"":""Chinese"",""ingredients"":""Tomato"",""image"":null,""availability"":""N"",""avg_rating"":2.25},{""menuId"":53,""itemName"":""Pork Soup"",""price"":173,""category"":""Chinese"",""ingredients"":""Tomato"",""image"":null,""availability"":""Y"",""avg_rating"":5},{""menuId"":64,""itemName"":""Chinese Bokchoy"",""price"":537,""category"":""Chinese"",""ingredients"":""Spice"",""image"":null,""availability"":""Y"",""avg_rating"":2},{""menuId"":85,""itemName"":""Hot n Spicy Ramen"",""price"":959,""category"":""Chinese"",""ingredients"":""Vegan"",""image"":null,""availability"":""Y"",""avg_rating"":5},{""menuId"":89,""itemName"":""Veg Fried Rice"",""price"":795,""category"":""Chinese"",""ingredients"":""Dairy"",""image"":null,""availability"":""N"",""avg_rating"":5},{""menuId"":96,""itemName"":""Meat Platter"",""price"":599,""category"":""Chinese"",""ingredients"":""Flour"",""image"":null,""availability"":""N"",""avg_rating"":null},{""menuId"":201,""itemName"":""Paneer Tikka"",""price"":752,""category"":""Indian"",""ingredients"":""Meat"",""image"":null,""availability"":""N"",""avg_rating"":null},{""menuId"":212,""itemName"":""Paneer Tikka"",""price"":698,""category"":""Indian"",""ingredients"":""Flour"",""image"":null,""availability"":""N"",""avg_rating"":null},{""menuId"":221,""itemName"":""Mutton Kebab"",""price"":92,""category"":""Indian"",""ingredients"":""Vegetables"",""image"":null,""availability"":""Y"",""avg_rating"":null},{""menuId"":231,""itemName"":""Aloo Dum"",""price"":158,""category"":""Indian"",""ingredients"":""Wheat"",""image"":null,""availability"":""Y"",""avg_rating"":null},{""menuId"":237,""itemName"":""Veg Kofta"",""price"":866,""category"":""Indian"",""ingredients"":""Meat"",""image"":null,""availability"":""N"",""avg_rating"":null},{""menuId"":241,""itemName"":""Chicken Biryani"",""price"":911,""category"":""Indian"",""ingredients"":""Flour"",""image"":null,""availability"":""N"",""avg_rating"":null},{""menuId"":259,""itemName"":""Mutton Biryani"",""price"":691,""category"":""Indian"",""ingredients"":""Flour"",""image"":null,""availability"":""Y"",""avg_rating"":null},{""menuId"":279,""itemName"":""Mutton Kebab"",""price"":342,""category"":""Indian"",""ingredients"":""Vegetables"",""image"":null,""availability"":""N"",""avg_rating"":null},{""menuId"":282,""itemName"":""Chicken Keema Naan"",""price"":227,""category"":""Indian"",""ingredients"":""Vegetables"",""image"":null,""availability"":""N"",""avg_rating"":null},{""menuId"":294,""itemName"":""Matka Mutton"",""price"":336,""category"":""Indian"",""ingredients"":""Vegetables"",""image"":null,""availability"":""N"",""avg_rating"":null},{""menuId"":310,""itemName"":""Beef Tacos"",""price"":490,""category"":""Mexican"",""ingredients"":""Vegetables"",""image"":null,""availability"":""Y"",""avg_rating"":null},{""menuId"":342,""itemName"":""Spicy Durango"",""price"":968,""category"":""Mexican"",""ingredients"":""Dairy"",""image"":null,""availability"":""Y"",""avg_rating"":null},{""menuId"":349,""itemName"":""Fresh Salads"",""price"":643,""category"":""Mexican"",""ingredients"":""Dairy"",""image"":null,""availability"":""N"",""avg_rating"":null},{""menuId"":355,""itemName"":""Nachos w Salsa"",""price"":508,""category"":""Mexican"",""ingredients"":""Fish"",""image"":null,""availability"":""Y"",""avg_rating"":null},{""menuId"":375,""itemName"":""Nachos w Salsa"",""price"":510,""category"":""Mexican"",""ingredients"":""Spice"",""image"":null,""availability"":""Y"",""avg_rating"":null},{""menuId"":392,""itemName"":""Spicy Durango"",""price"":587,""category"":""Mexican"",""ingredients"":""Meat"",""image"":null,""availability"":""N"",""avg_rating"":null},{""menuId"":432,""itemName"":""Brown Muffin"",""price"":992,""category"":""Desserts"",""ingredients"":""Flour"",""image"":null,""availability"":""N"",""avg_rating"":null},{""menuId"":441,""itemName"":""Choco Bar"",""price"":972,""category"":""Desserts"",""ingredients"":""Wheat"",""image"":null,""availability"":""Y"",""avg_rating"":null},{""menuId"":462,""itemName"":""Cheese Cake"",""price"":577,""category"":""Desserts"",""ingredients"":""Dairy"",""image"":null,""availability"":""Y"",""avg_rating"":null},{""menuId"":468,""itemName"":""Choco Chip"",""price"":874,""category"":""Desserts"",""ingredients"":""Dairy"",""image"":null,""availability"":""N"",""avg_rating"":null}]",16:59:41,Finale
18,Bangkok,224,18,AK,408-9041 Mauris Avenue,8587 UU,3.5,19:26:35,"[{""menuId"":15,""itemName"":""Veg Fried Rice"",""price"":994,""category"":""Chinese"",""ingredients"":""Fish"",""image"":null,""availability"":""Y"",""avg_rating"":0},{""menuId"":33,""itemName"":""Pepperoni Noodles"",""price"":772,""category"":""Chinese"",""ingredients"":""Flour"",""image"":null,""availability"":""N"",""avg_rating"":3},{""menuId"":57,""itemName"":""Mix Manchurian"",""price"":820,""category"":""Chinese"",""ingredients"":""Wheat"",""image"":null,""availability"":""N"",""avg_rating"":3},{""menuId"":83,""itemName"":""Chowmein"",""price"":444,""category"":""Chinese"",""ingredients"":""Tomato"",""image"":null,""availability"":""N"",""avg_rating"":4},{""menuId"":84,""itemName"":""Veg Manchurian"",""price"":131,""category"":""Chinese"",""ingredients"":""Spice"",""image"":null,""availability"":""N"",""avg_rating"":null},{""menuId"":207,""itemName"":""Veg Kofta"",""price"":581,""category"":""Indian"",""ingredients"":""Dairy"",""image"":null,""availability"":""N"",""avg_rating"":null},{""menuId"":278,""itemName"":""Paneer Tikka"",""price"":631,""category"":""Indian"",""ingredients"":""Flour"",""image"":null,""availability"":""N"",""avg_rating"":null},{""menuId"":317,""itemName"":""Tortillas w Meat Sauce"",""price"":955,""category"":""Mexican"",""ingredients"":""Spice"",""image"":null,""availability"":""N"",""avg_rating"":null},{""menuId"":347,""itemName"":""Mexicana Nachos"",""price"":238,""category"":""Mexican"",""ingredients"":""Corn"",""image"":null,""availability"":""N"",""avg_rating"":null},{""menuId"":356,""itemName"":""Chicken Tortillas"",""price"":497,""category"":""Mexican"",""ingredients"":""Tomato"",""image"":null,""availability"":""Y"",""avg_rating"":null},{""menuId"":420,""itemName"":""Strawberry Ice Cream"",""price"":907,""category"":""Desserts"",""ingredients"":""Wheat"",""image"":null,""availability"":""Y"",""avg_rating"":null},{""menuId"":435,""itemName"":""Strawberry Ice Cream"",""price"":639,""category"":""Desserts"",""ingredients"":""Dairy"",""image"":null,""availability"":""Y"",""avg_rating"":null},{""menuId"":458,""itemName"":""Brown Muffin"",""price"":745,""category"":""Desserts"",""ingredients"":""Flour"",""image"":null,""availability"":""N"",""avg_rating"":null},{""menuId"":466,""itemName"":""Chocolate Brownie"",""price"":759,""category"":""Desserts"",""ingredients"":""Dairy"",""image"":null,""availability"":""N"",""avg_rating"":null}]",17:00:34,BorisNJam
19,Bangkok,32,19,CA,"P.O. Box 363, 3687 Tempus Ave",41106,3.666670083999634,00:45:31,"[{""menuId"":16,""itemName"":""Veg Fried Rice"",""price"":577,""category"":""Chinese"",""ingredients"":""Spice"",""image"":null,""availability"":""N"",""avg_rating"":4},{""menuId"":18,""itemName"":""Mix Manchurian"",""price"":600,""category"":""Chinese"",""ingredients"":""Vegetables"",""image"":null,""availability"":""N"",""avg_rating"":3},{""menuId"":26,""itemName"":""Veggie Delight"",""price"":900,""category"":""Chinese"",""ingredients"":""Dairy"",""image"":null,""availability"":""N"",""avg_rating"":null},{""menuId"":36,""itemName"":""Schezwan Chicken"",""price"":852,""category"":""Chinese"",""ingredients"":""Flour"",""image"":null,""availability"":""Y"",""avg_rating"":null},{""menuId"":88,""itemName"":""Veg Fried Rice"",""price"":674,""category"":""Chinese"",""ingredients"":""Dairy"",""image"":null,""availability"":""N"",""avg_rating"":2.666670083999634},{""menuId"":95,""itemName"":""Schezwan Chicken"",""price"":892,""category"":""Chinese"",""ingredients"":""Meat"",""image"":null,""availability"":""Y"",""avg_rating"":2},{""menuId"":209,""itemName"":""Mutton Biryani"",""price"":348,""category"":""Indian"",""ingredients"":""Vegetables"",""image"":null,""availability"":""N"",""avg_rating"":null},{""menuId"":281,""itemName"":""Plain Rice"",""price"":607,""category"":""Indian"",""ingredients"":""Meat"",""image"":null,""availability"":""Y"",""avg_rating"":null},{""menuId"":284,""itemName"":""Mutton Biryani"",""price"":509,""category"":""Indian"",""ingredients"":""Fish"",""image"":null,""availability"":""N"",""avg_rating"":null},{""menuId"":308,""itemName"":""Spicy Durango"",""price"":567,""category"":""Mexican"",""ingredients"":""Fish"",""image"":null,""availability"":""N"",""avg_rating"":null},{""menuId"":320,""itemName"":""Fresh Salads"",""price"":275,""category"":""Mexican"",""ingredients"":""Tomato"",""image"":null,""availability"":""N"",""avg_rating"":null},{""menuId"":364,""itemName"":""Nachos w Salsa"",""price"":509,""category"":""Mexican"",""ingredients"":""Fish"",""image"":null,""availability"":""N"",""avg_rating"":null},{""menuId"":371,""itemName"":""Spicy Durango"",""price"":113,""category"":""Mexican"",""ingredients"":""Vegetables"",""image"":null,""availability"":""Y"",""avg_rating"":null},{""menuId"":372,""itemName"":""Mexicana Tortillas"",""price"":967,""category"":""Mexican"",""ingredients"":""Vegetables"",""image"":null,""availability"":""Y"",""avg_rating"":null},{""menuId"":393,""itemName"":""Veg Tacos"",""price"":960,""category"":""Mexican"",""ingredients"":""Dairy"",""image"":null,""availability"":""Y"",""avg_rating"":null},{""menuId"":395,""itemName"":""Spicy Durango"",""price"":560,""category"":""Mexican"",""ingredients"":""Spice"",""image"":null,""availability"":""N"",""avg_rating"":null},{""menuId"":401,""itemName"":""Ladoo"",""price"":79,""category"":""Desserts"",""ingredients"":""Dairy"",""image"":null,""availability"":""Y"",""avg_rating"":null},{""menuId"":407,""itemName"":""Brown Muffin"",""price"":567,""category"":""Desserts"",""ingredients"":""Wheat"",""image"":null,""availability"":""Y"",""avg_rating"":null},{""menuId"":434,""itemName"":""Ice Fudge"",""price"":299,""category"":""Desserts"",""ingredients"":""Flour"",""image"":null,""availability"":""Y"",""avg_rating"":null},{""menuId"":447,""itemName"":""Ice Fudge"",""price"":417,""category"":""Desserts"",""ingredients"":""Wheat"",""image"":null,""availability"":""Y"",""avg_rating"":null},{""menuId"":448,""itemName"":""Ladoo"",""price"":542,""category"":""Desserts"",""ingredients"":""Flour"",""image"":null,""availability"":""Y"",""avg_rating"":null},{""menuId"":451,""itemName"":""Coffee Cream Cake"",""price"":93,""category"":""Desserts"",""ingredients"":""Dairy"",""image"":null,""availability"":""N"",""avg_rating"":null},{""menuId"":452,""itemName"":""Black Forest Pastry"",""price"":418,""category"":""Desserts"",""ingredients"":""Dairy"",""image"":null,""availability"":""N"",""avg_rating"":null},{""menuId"":495,""itemName"":""Brown Muffin"",""price"":645,""category"":""Desserts"",""ingredients"":""Dairy"",""image"":null,""availability"":""N"",""avg_rating"":null}]",12:40:42,WalkNEat
20,Bangkok,682,20,WA,342-2255 Sed Rd.,11997-41622,3.571429967880249,15:45:03,"[{""menuId"":37,""itemName"":""Veggie Delight"",""price"":499,""category"":""Chinese"",""ingredients"":""Corn"",""image"":null,""availability"":""N"",""avg_rating"":null},{""menuId"":56,""itemName"":""Chowmein"",""price"":100,""category"":""Chinese"",""ingredients"":""Wheat"",""image"":null,""availability"":""N"",""avg_rating"":null},{""menuId"":65,""itemName"":""Veg Fried Rice"",""price"":280,""category"":""Chinese"",""ingredients"":""Fish"",""image"":null,""availability"":""N"",""avg_rating"":4},{""menuId"":100,""itemName"":""Pepperoni Noodles"",""price"":63,""category"":""Chinese"",""ingredients"":""Dairy"",""image"":null,""availability"":""N"",""avg_rating"":3},{""menuId"":256,""itemName"":""Paneer Tikka"",""price"":954,""category"":""Indian"",""ingredients"":""Fish"",""image"":null,""availability"":""N"",""avg_rating"":null},{""menuId"":258,""itemName"":""Chicken Lolipop"",""price"":695,""category"":""Indian"",""ingredients"":""Spice"",""image"":null,""availability"":""Y"",""avg_rating"":null},{""menuId"":265,""itemName"":""Paneer Tikka"",""price"":605,""category"":""Indian"",""ingredients"":""Vegan"",""image"":null,""availability"":""Y"",""avg_rating"":null},{""menuId"":275,""itemName"":""Plain Rice"",""price"":394,""category"":""Indian"",""ingredients"":""Vegan"",""image"":null,""availability"":""Y"",""avg_rating"":null},{""menuId"":301,""itemName"":""Mexicana Nachos"",""price"":71,""category"":""Mexican"",""ingredients"":""Wheat"",""image"":null,""availability"":""Y"",""avg_rating"":null},{""menuId"":318,""itemName"":""Tortillas w Meat Sauce"",""price"":934,""category"":""Mexican"",""ingredients"":""Dairy"",""image"":null,""availability"":""Y"",""avg_rating"":null},{""menuId"":334,""itemName"":""Chicken Tacos"",""price"":482,""category"":""Mexican"",""ingredients"":""Vegan"",""image"":null,""availability"":""Y"",""avg_rating"":null},{""menuId"":454,""itemName"":""Cashew Milk Shake"",""price"":354,""category"":""Desserts"",""ingredients"":""Flour"",""image"":null,""availability"":""N"",""avg_rating"":null},{""menuId"":464,""itemName"":""Choco Bar"",""price"":564,""category"":""Desserts"",""ingredients"":""Flour"",""image"":null,""availability"":""N"",""avg_rating"":null}]",09:57:04,Revent